1	марку 80	марки 3	почтовую, марку 1	штамп 1	почтовые марки 1
2	темноте 81	ночи 3	темонте 1	штанах 1
3	свет 71	светильник 3	телевизор 3	утюг 2	ночник 2	лампу 2	музыку 1	обогреватель 1	телефизор 1
4	кулисы 65	сцену 10	занавес 4	пивом 2	дом 1	навес 1	дверь 1	рамки 1	актером 1
5	реке 67	речке 3	склону 3	порогам 2	горной реке 2	течению 2	Волге 2	водопаду 1	озеру 1	горной реке  1	каналу 1	сплаву 1
6	чай 43	стакан 20	чашку 9	кружку 4	кофе 3	столешницу 1	чашечку 1	- 1	бокал 1	стаканчик 1	шкафу 1	вот в эту выемку между полочками, где полотенца складываешь на ночь 1
7	раковину 60	посудомойку 11	мойку 8	посудомоечную машину 2	шкаф 2	машину 1	деньги 1	поднос 1
8	доске 84	окне 1
9	посуду 61	пол 6	тарелки 4	стол 3	NR 1	тарелку 1	окно 1	руки 1	раму 1	цветы 1	шторы 1	полы 1	ребенка 1	окна 1	ванную 1
10	печь 72	печку 6	баню 3	лед 1	избу 1	соседей 1	масло 1	котят 1
11	глины 59	пластилина 13	пластелина 8	пельменей 1	капусты 1	теста 1	полимерной глины 1	стол 1	песка 1
12	дверь 73	окна 4	шторы 3	окно 2	рот 1	двери 1	занавески 1	слив 1
13	елку 60	дом 9	квартиру 4	комнату 3	ель 2	819 1	двери 1	зал 1	баню 1	хату 1	дверь 1	стол 1
14	фена 79	полотенца 5	ветра 1	сушилки 1
15	шнурки 77	узел 2	бантик 2	банты 1	бантики 1	шнурочки 1	шнуровку 1	узлы 1
16	свечу 50	свечи 20	свечку 8	свечки 3	лампаду 1	- 1	кадило 1	свечь 1	лучину 1
17	стол 81	столом 4	столы 1
18	аптеке 77	магазине 4	спине 1	пятницу 1	апетке 1	12 вечера 1
19	ноги 55	ботинки 9	носки 5	сапоги 4	обувь 3	сандали 2	босоножки 1	туфли 1	шорты 1	кроссовки 1	ножки 1	сапожки 1	вещи 1	колготки 1
20	школу 73	сад 5	детский сад 3	туалет 1	ясли 1	тапочках 1	колготках 1	садик, школу 1
21	дерево 38	растение 38	растения 3	цветы 3	деревья 1	растениие 1	кусты 1
22	велосипеде 83	ягуаре 1	самокате 1	мопеде 1
23	карандаш 81	нож 3	карандашик 1	метал 1
24	раме 52	рамке 16	оправе 11	окантовке 2	рамкой 1	- 1	головой 1	ладно, рамке, но там слово какое-то есть для этого правильное  1
25	каблуках 78	шпильках 4	кабулуках 1	ботфортах 1	платформах 1	лабутенах 1
26	ошибку 79	оплошность 4	описку 1	помарку 1
27	мнение 52	недовольство 18	негодование 7	недоумение 2	неодобрение 2	возмущение 1	отношение 1	неудовольствие 1	презрение 1	предложение 1
28	языка 83	яязыка 1	барокко 1	алфавита 1
29	школах 68	заведениях 4	колледжах 2	гимназиях 2	пансионах 2	домах 1	пансионатах 1	вузах 1	учереждениях 1	актерских 1	университетах 1	учебных заведениях 1	институтах 1
30	песню 70	песенку 9	частушку 3	мелодию 2	песнь 1	колыбельную 1
31	сок 80	ликер 2	фреш 2	чай 1	грок 1
32	голос 37	крик 16	смех 10	плач 7	стон 6	вопль 3	визг 2	вздох 1	хохот 1	оргазмический звук 1	шопот 1
33	фильме 41	сериале 25	кино 5	эпизоде 3	боевике 2	спектакле 2	порно 2	ток-шоу 1	клипе 1	- 1	рекламном ролике 1	порнофильме 1	трейлере 1
34	телевизор 65	канал 8	сериал 5	фильм 2	первый канал 1	видеомагнитофон 1	радиоприемник 1	Первый канал 1	телефизор 1	телесериал 1
35	бульон 60	суп 24	гуляш 1	суп/бульон 1
36	факультете 79	университете 1	профиле 1	на бухгалтера 1	классе 1	отделении 1	колледже 1	фаультете 1
37	таблетки 51	лекарства 11	капли 5	препараты 4	средства 4	таблеточки 2	пилюли 2	медикаменты 1	- 1	развлечения 1	антидепрессанты 1	средство 1	на дом 1
38	невесте 67	возлюбленной 7	жене 4	избраннице 1	знакомой 1	бухгалтерше 1	маме 1	невестке 1	любимой 1	девушке 1	любовнице 1
39	ложкой 72	ложечкой 11	вилкой 3
40	письмо 61	послание 11	обращение 8	сообщение 4	признание 1	анонимное 1
41	почту 36	письма 18	газеты 14	корреспонденцию 4	газету 3	кабину 1	объявления 1	журналы, газеты 1	прессу 1	бумаги 1	утреннюю корреспонденцию 1	конверты 1	открытки 1	магазин 1	вести 1	журналы 1
42	грядки 35	грядку 11	огород 8	траву 5	морковь 5	поле 4	капусту 2	дрова 1	овес 1	сорняк 1	картошку 1	газон 1	градки 1	пшеницу 1	сныть 1	брюкву 1	сорники 1	морковку 1	полынь 1	рядиску 1	кулбнику 1	растения 1	землю 1
43	тетрадь 31	учебник 22	книгу 9	дверь 9	дневник 3	портфель 2	глаза 2	рукопись 1	рот 1	журнал 1	ранец 1	пенал 1	бутылку 1	тетрадку 1	форточку 1
44	овец 40	газон 12	траву 11	овцу 7	козу 4	коз 2	волосы 1	пастуха 1	барашка 1	барана 1	конец 1	обед 1	барашков 1	кусты 1	ногти 1	овечку 1
45	стихотворение 35	стихи 28	Пушкина 4	стих 4	поэму 3	французский 2	стихотверения 1	танец 1	стихотворения 1	стихотворние 1	алфавит 1	немецкий; стихи 1	песнь о горевати 1	язык 1	поэзию 1	математику 1
46	сладкого 22	еды 20	мучного 7	пищи 4	жирного 3	пирожных 3	тортиков 2	приема пищи 1	жареного 1	сиропа 1	ужина 1	шоколадок 1	теста 1	хлеба 1	слодкого 1	сталдкого 1	завтрака 1	мороженого 1	мяса 1	мучной пищи 1	всего 1	- 1	сахара 1	работы 1	жирной пищи 1	пироженых 1	мороженного 1	булочек 1	свинины 1	соленого 1	жирной/жирного 1	булки 1
47	премию 60	премии 9	компенсацию 3	пенсию 3	премиальные 2	бонус 2	зарплату 1	деньги/премию 1	ничего 1	деньги 1	аванс 1	прибавку 1	гонорар 1
48	лыжах 29	коньках 24	санках 16	велосипеде 3	сноуборде 2	роликах 2	карусели 1	аптеке 1	скутере 1	машине 1	качелях 1	снегоходе 1	ледянке 1	санях 1	жене 1	квадрацикле 1
49	море 41	озере 15	реке 6	речке 5	пруду 4	океане 3	бассейне 2	Черном море 1	парке 1	Азовском, море 1	луже 1	плавках 1	санатории 1	Турции 1	Крыму 1	ванной 1	— 1
50	капустой 16	вишней 11	мясом 8	яблоком 8	картошкой 6	повидлом 6	изюмом 4	малиной 3	вареньем 2	яблоками 2	ягодами 1	маслом 1	таворогом 1	яйцом 1	творогом 1	медом 1	яйцом, и, луком 1	земляникой 1	ватрушкой 1	павидлом 1	черникой 1	тыквой 1	малиновым вареньем 1	джемом 1	голубикой 1	монетками 1	рисом 1	курицей 1	корицей 1	грибами 1
51	ногу 48	руку 19	нос 5	колено 2	ключицу 2	палец 2	шею 1	игрушку 1	запястье 1	ребро 1	лодыжку 1	позвоночник 1	челюсть 1	руки 1
52	соревнованиях 53	олимпиаде 9	соревновании 5	матче 3	состязании 2	забеге 2	гонке 1	афтепати 1	совревнованиях 1	марафоне 1	Олимпийских играх 1	сроревнованиях 1	играх 1	отпуске 1	соревнавании 1	банкете 1	шпионаже 1	чемпионате 1
53	музей 32	зоопарк 4	Москву 4	поход 3	планетарий 2	театр 2	Польшу 1	Эстонию 1	море 1	горы 1	петергоф 1	Монино 1	пещеру 1	санаторий 1	Минск 1	ресторан 1	сад 1	Ростов-на-Дону 1	Японию 1	Каргополь 1	школу 1	Кисловодск 1	м/другой город 1	другой город 1	лес 1	Тарханы 1	университет 1	Казань 1	петербург 1	Санкт-петербург 1	кремль 1	Париж 1	пригород 1	Тибет 1	Кремль 1	Константинополь 1	магадан 1	Крым 1	шоколадную фабрику 1	москву 1	Палеонтологический музей 1	новгород 1	дом отдыха 1	америку 1	Карелию 1
54	ручку 10	вазу 10	ключи 7	бумаги 7	кофе 6	поднос 5	стул 5	стакан 3	цветок 3	папки 3	чашку 3	пресс-папье 2	чай 2	кружку 2	ключ 2	папку 2	кольцо 1	презервативы 1	документы 1	почту 1	дверь 1	принтер 1	деньги 1	посуду 1	чайник 1	компьютер 1	лажа??? 1	степлер 1	картину 1	шкаф 1
55	ковер 39	полотно 9	пряжу 5	ткань 4	платье 3	платок 3	одежду 3	плед 2	холст 2	шаль 2	шарф 2	- 2	паранжу 1	рубашку 1	халат 1	полотенце 1	рушник 1	одеяло 1	ковры 1	скатерть 1	шерсть 1	вещи 1
56	урну 32	мусорку 23	мусор 8	мусорный бак 5	мусорное ведро 3	ведро 2	корзину 1	мусорный ящик 1	окно 1	мусорный 1	помойку 1	контейнер 1	унитаз 1	ящик 1	полке 1	мусоропровод 1	мешок 1	мусорник 1
57	ленту 27	цветок 14	цветы 11	ленты 6	ленточку 4	заколку 3	венок 2	резинку 2	косу 2	ленточки 2	косичку 1	тесьму 1	бантики 1	змею 1	фен 1	чудой локон 1	нитки 1	солому 1	бусы 1	ромашку 1	пряди 1
58	соль 31	деньги 14	денег 7	сахар 4	ключи 2	фен 2	телефон 2	платье 1	фен  1	марки 1	фломастер 1	нож 1	соли 1	блокнот 1	кастрюлю 1	кружку 1	рубль 1	кофточку 1	шприц 1	сто рублей 1	муку 1	карандаш 1	велосипед 1	градусник 1	пенал 1	часы 1	биту 1	стул 1	сигареты 1	электрочайник 1	зубную пасту 1
59	стул 49	диван 13	скамейку 6	кушетку 3	кресло 3	краешек стула 2	табурет 2	банкетку 2	- 1	подоконник 1	лавочку 1	колени 1	лестнице 1	стол 1
60	ученика 46	ученицу 6	работу 4	учеников 4	студента 4	меня 4	- 2	себя 1	Васю 1	подчиненную 1	студентку 1	жену 1	другого 1	Валеру 1	маму 1	своего ассистента 1	мальчика 1	школьника 1	маму ученика 1	своего ученика 1	хулигана 1	воспитанника 1	за хорошую работу 1
61	сок 39	компот 31	морс 6	сидр 3	сироп 3	коктейль 2	кисель 1	чай 1
62	кофту 15	прическу 11	шаль 10	косу 9	юбку 5	шутку 4	пряжу 2	сплетню 2	одежду 2	болтовню 2	байку 2	платье 1	безрукавку 1	сумочку 1	штору 1	песню 1	шевелюру 1	тюль 1	скатерть 1	газету 1	плесень 1	жилетку 1	- 1	вещь 1	шляпу 1	вязь 1	вышивку 1	герань 1	сумку 1	выдумку 1	лампу 1	речь 1
63	стакан 37	пакет 31	контейнер 7	стаканчик 5	мешок 2	паекет 1	сосуд 1	башмак 1	горшок 1
64	ложку 52	тарелку 7	миску 6	вилку 4	кастрюлю 3	кружку 2	чашку 2	форму 2	руку 1	флягу 1	посуду 1	рубашку 1	женщину 1	палатку 1	трубку 1	кровать 1
65	носки 62	варежки 9	колготки 4	чулки 2	перчатки 2	рейтузы 1	трусы 1	Носки 1	тапочки 1	носочки 1	гольфики 1	гольфы 1
66	плед 53	шарф 13	платок 7	свитер 2	пиджак 2	кафтан 1	кошелек 1	халат 1	пододеяльник 1	кардиган 1	спальник 1	саван 1	мех 1	пуховик 1
67	чашку 37	вазу 9	тарелку 8	статуэтку 7	куклу 7	посуду 4	чашу 3	кружку 3	лампу; чашку 1	утварь 1	салатницу 1	шляпу 1	статую 1	игрушку 1	чашечку 1	супницу 1
68	усмешкой 15	тоской 9	досадой 8	обидой 8	улыбкой 7	радостью 6	правдой 4	ненавистью 4	печалью 4	ухмылкой 3	ностальгией 3	иронией 2	слезой 2	грустью 2	совестью 1	сожалением/правдой 1	ноткой 1	теплотой 1	завистью 1	участью 1	усталостью 1	болью 1	слезинкой 1
69	шерсти 70	пряжи 10	ткани 3	шерсть альпаки как называется?  1	пряди 1	козы 1
70	книгу 45	газету 11	историю 10	книжку 6	повесть 3	поэму 2	пьесу 2	- 1	литературу 1	заметку 1	брошюру 1	— 1	карикатуру 1
71	ящике 23	сундуке 21	шкафу 17	комоде 4	сундучке 3	ларце 3	столе 2	ларчике 1	секретере 1	коробке 1	саркофаге 1	шкатуле; дупле 1	брелке 1	поддоне 1	шкафчике 1	саквояже 1	башмаке 1	сарае 1	сейфе 1	чехле 1
72	игрушками 27	шарами 17	гирляндами 16	шариками 13	фонариками 3	словами 1	камнями 1	огнями 1	лентами 1	огоньками 1	звездами 1	звездочками 1	снежинками 1	бантами 1	красками 1
73	скрипке 30	гитаре 13	флейте 10	арфе 9	трубе 5	виолончели 5	гармошке 3	лютне 2	балалайке 2	- 1	цитэ 1	дуде 1	инструменте 1	срипке 1	шарманке 1	гармонике 1
74	учителя 25	сотрудника 22	преподавателя 16	педагога 4	уборщика 3	стажера 2	ученика 2	друга 1	трудовика 1	физрука 1	секретаря 1	заместителя 1	бегемота 1	программиста 1	ассистента 1	дворника 1	бухгалтера 1	сторожа 1	завуча 1
75	месте 40	лесу 25	городе 13	районе 3	замке 1	парке 1	лабиринте 1	доме 1	здании 1
76	кровать 43	постель 35	ванну 5	кроватку 3
77	восторгом 39	восхищением 15	удовольствием 7	удивлением 7	недоумением 3	сожалением 2	недовольством 2	удовольствтем 1	отвращением 1	неудовольствием 1	радушием 1	уважением 1	осхищением 1	чувством 1	отзывом 1	удовлетворением 1	интересом 1	изумлением 1
78	растения 62	цветы 22	растение 1	помидоры 1
79	истории 64	анекдоты 20	сказки 1
80	кошку 73	собаку 3	лошадь 1	варежку 1	шкуру 1	киску 1	жилетку 1	козу 1	лисичку 1	рубашку 1	мышку 1	подушку 1
81	жену 11	чемодан 9	пистолет 7	фотографию 6	документы 4	нож 4	рюкзак 4	автомат 3	портфель 2	пулемет 2	письмо 2	флягу 2	бритву 2	вещи 2	телефон 1	еду 1	книгу 1	фотографии 1	оружие 1	паланшет 1	вино 1	дневник 1	паспорт 1	кошелек 1	мишку 1	разговорник 1	письма 1	сухари 1	билеты 1	шинель 1	самое необходимое 1	семью 1	полотенце 1	фотографию жены 1	собаку 1	штаны 1	фотоаппарат 1	бумажник 1	шубу 1
82	чертеж 27	круг 13	окружность 7	квадрат 5	график 5	треугольник 5	чертежи 2	линию 2	проект 2	схему 2	прямоугольник 1	инж. Граф 1	круги 1	карту 1	макет 1	графмк 1	модель 1	диаграмму 1	дом 1	интеграмму 1	планометрическую проекцию 1	проекции 1	деталь 1	на бумаге 1	колесо 1	параллелепипед 1
83	кабинет 29	офис 16	стол 12	елку 11	дверь 3	зал 2	комнату 2	окна 2	себя 1	начальника 1	стены 1	сад 1	свою голову 1	стену 1	замок 1	рабочее место 1	свой дом 1
84	магазине 6	квартире 3	комнате 3	подсобке 3	кладовку 3	доме 3	понедельник 3	сейфе 2	- 2	офис 2	сарай 2	школе 2	кладовую 1	поле 1	шкатулке 1	комнаты 1	сто пятой комнате 1	сторожке 1	конверте 1	подъезде 1	пути 1	помещении 1	сарае 1	шкафу 1	карман 1	банке 1	раздевалке 1	подвале 1	организации 1	музее 1	полночь 1	банки 1	учительскую 1	кармане 1	подвал 1	подсобку 1	столовой 1	NR 1	каморку 1	гараже 1	кабинете 1	фирме 1	рабочее время 1	я не понимаю, что это 1	дом 1	бардачке 1	комнату 1	бухгалтерии 1	тюрьме 1	ключнице 1	серверную 1	машине 1	офис(е) 1	коморке 1	ключница 1	гараж 1	склад 1	столе 1	сторожевой 1	пятницу 1	кладовке 1
85	футбол 24	прятки 20	мяч 9	догонялки 6	классики 4	салки 3	хоккей 2	игру 2	бадминтон 2	шахматы 2	волейбол 2	баскетбол 1	снежки 1	волейболл 1	войну 1	лапту 1	пол 1	покер 1	грязи 1	футбол" 1	бильярд 1
86	посетителя 17	скатерть 13	клиента 9	пол 8	гостя 5	себя 4	стол 4	брюки 3	посетителей 2	женщину 2	гостей 2	штаны 2	платье 1	мужчину 1	рубашку 1	юбку 1	вино 1	голову человека 1	нас 1	паркет 1	девушку 1	голову соседу 1	ковер 1	посетительницу 1	ноги 1	пальто 1	борщ 1
87	математике 53	физике 5	геометрии 5	алгебре 4	русскому 4	биологии 2	географии 2	русскому языку 2	истории 2	химии 1	естествознанию 1	информатике 1	электродинамике 1	английскому 1	NR 1
88	ошибку 22	ошибки 8	оплошность 6	невнимательность 4	отчет 4	работу 3	медлительность 3	неточности 2	лень 2	просчет 2	провал 2	все 2	тупость 2	поведение 1	глупость 1	что-то 1	недостачу 1	халатность 1	неаккуратность 1	недосдачу 1	неправильные расчеты 1	проказы 1	невежество 1	безответственность 1	недобросовестность 1	дибилизм 1	непослушание 1	годовой отчет 1	недосчет 1	расчет 1	косяки 1	нерасторопность 1	опоздание 1	неудачу 1	расторопность 1	несправедливость 1	работой 1
89	пол 20	окна 20	полы 17	подъезд 9	посуду 3	раму 2	парадную 2	лестницу 2	стойку 1	полы в подъезде 1	руки 1	лифт 1	вазу 1	окно 1	площадку 1	мужа-инвалида 1	голову 1	лестничную клетку 1	ноги 1
90	Турции 11	Крыму 8	горах 7	Испании 6	санатории 3	Египте 3	Сочи 3	италии 3	Китае 2	крыму 2	деревне 2	Бали 1	новосибирске 1	Тебете 1	Франции 1	праге 1	Норвегии 1	сочи 1	коттедже 1	голландии 1	Азии 1	саду 1	Японии 1	одессе 1	америке 1	англии 1	Италии 1	Лондоне 1	исландии 1	нью-йорке 1	болгарии 1	другой стране 1	лесу 1	Волгограде 1	Новой Зеландии 1	Африке 1	Карелию 1	Европе 1	Таиланде 1	Анапе 1	Ялте 1	парижа 1	 турции 1	городе 1	пансионате 1	Грузии 1	одиночестве 1
91	слона 23	жирафа 15	зебру 7	льва 5	крокодила 3	тигра 3	обезьяну 2	слонов 2	леопарда 1	гиппопотама 1	лошадь 1	свиней 1	пингвина 1	кенгуру 1	енота 1	мамонта 1	верблюда 1	стрекозу 1	игуану 1	мангуста 1	животное 1	учительницу такую 1	ламу 1	лося 1	шимпанзе 1	- 1	панду 1	взрослых 1	змею 1	рысь 1	медведя 1	фламинго 1	носорога 1
92	овощи 11	огурцы 7	помидоры 5	молоко 5	фрукты 5	капусту 5	картошку 4	рыбу 4	зелень 2	мясо 2	арбузы 2	морковку 2	яблоки 2	картофель 2	дыни 2	кур 1	репу 1	козу 1	бананы 1	тыкву 1	пряники 1	мандарины 1	овес 1	капустку 1	колбасу 1	удочки 1	корову 1	клубнику 1	кабачки 1	мебель 1	тыквы 1	свинину 1	эскимо 1	укроп 1	шерсть 1	чеснок 1	булки 1	поросят 1	яиц 1	ягоды 1
93	памятника 9	картины 4	фонтана 4	елки 4	башни 3	замка 3	достопримечательностей 3	деревьев 2	слона 2	пейзажа 2	эйфелевой башни 2	выставки 2	заката 2	статуи 2	водопада 2	дома 2	чучела 1	библиотеки 1	крокодила 1	борща 1	дерева 1	скамьи 1	Кремля 1	стола 1	зоопарка 1	облаков 1	звезды 1	мэра 1	Красной Площади 1	сада 1	айзберга 1	генерала 1	достопримечательности 1	асфальта 1	Эйфелевой башни 1	берез 1	обезьянки 1	дворца 1	музея 1	пожара 1	моря 1	вольера 1	местных достопримечательностей 1	фонана 1	китайцев 1	здания 1	кремля 1	карет 1	гор 1	озера 1	лебедя 1	меня 1
94	коррупции 30	воровстве 6	взятке 4	лжи 4	взяточничестве 3	краже 3	мошенничестве 3	измене 3	преступлении 2	халатности 2	растрате 2	некомпетентности 2	кокетничестве 1	предательстве 1	взяточниство 1	мошинничестве 1	взяточнистве 1	проступке 1	взятках 1	изнасиловании 1	взятничестве 1	подлоге 1	мздоимстве 1	недобропорядочности 1	нечестности 1	- 1	махинациях 1	расточительстве 1	растратах 1	тунеядстве 1	недостаточном усердии 1	превышении полномочий 1
95	ключи 28	зонт 17	телефон 7	зонтик 6	сумку 4	деньги 3	паспорт 2	кошелек 2	шапку 2	голову 2	портфель 1	документы 1	пропуск 1	проездной 1	шарф 1	шубу 1	ключ 1	носки 1	помаду 1	ноутбук 1	пуанты 1	бумажник 1
96	отпуска 41	командировки 33	школы 3	бани 1	санатория 1	боя 1	поездки 1	декрета 1	деревни 1	администрации 1	дома 1	комнадировки 1
97	пиццу 20	кофе 17	чай 9	суп 4	торт 3	салат 3	суши 3	борщ 3	пунш 2	латте 2	одно и то же 2	обед 2	мороженое 2	поесть 1	пиво 1	яичницу 1	пиццу  1	сырники 1	пончики 1	мохито 1	капучино 1	бизнес-ланч 1	брокколи 1	еду 1	бутерброд 1	яишницу 1	пироженое 1
98	шкатулке 39	шкафу 10	сейфе 8	сундуке 6	ящике 3	комоде 3	чемодане 2	ларце 2	подушке 1	комнате 1	потайном шкафу 1	серванте 1	ушах 1	ночном горшке 1	кошельке 1	сундучке 1	вазе 1	кувшине 1	шкатудке 1
99	велосипед 10	машину 9	машинку 6	телефон 5	подарок 4	игрушку 3	компьютер 3	книгу 2	конструктор 2	автомобиль 2	гитару 2	самокат 2	обувь 1	робота 1	дерево 1	коньки 1	компот 1	платок 1	самолетик 1	мяч 1	колье 1	- 1	ящик 1	трактор 1	шар 1	пальто 1	медвежонка 1	айфон 1	пакет 1	торт 1	футбольный мяч 1	паровоз 1	отвертку 1	компьютере 1	трансформера 1	каякерское весло 1	шоколадку 1	кружку 1	кофту 1	деньги 1	автомат 1	игрушки 1	самолет 1	конфету 1	вертолетик 1	брюки 1	вертолет 1	шкаф 1
100	пейзаж 10	море 8	девушку 5	закат 4	себя 4	дерево 3	лес 3	солнце 3	пятно 2	женщину 2	- 2	натюрморт 2	апельсин 2	гору 2	лошадь 1	лед 1	скамью 1	корабль 1	баню 1	цветы 1	балерину 1	озеро 1	жирафа 1	нож 1	портрет 1	полоску 1	кота 1	ливень 1	пса 1	львов 1	лук 1	маслом 1	крота 1	квадрат 1	осень 1	поэта 1	енота 1	дом 1	Машу 1	женщин 1	лето 1	рисунок 1	природу 1	вазу 1	стадо 1	Моне 1	нечто 1
101	телефон 20	кошелек 14	зонт 9	чемодан 6	портфель 6	рюкзак 5	зонтик 4	шарф 3	чай 2	пенал 2	пакет 2	мешок 1	предмет 1	компьютер 1	пиджак 1	паспорт 1	счет 1	девайс 1	билет 1	кофе 1	ноутбук 1	стул 1	планшет 1
102	жестокостью 21	храбростью 6	хитростью 4	работой 3	щедростью 3	гордостью 3	находчивостью 2	победой 2	добротой 2	красотой 2	алчностью 2	жадностью 2	преданностью 2	эрудицией 2	тупостью 1	доблестью 1	мудростью 1	пунктуальностью 1	заботой 1	повюедой 1	арфой 1	решительностью 1	убедительностью 1	привлекательностью 1	политикой 1	безграмотносью 1	неуживчивостью 1	искренностью 1	силой 1	учтивостью 1	твердолобостью 1	честностью 1	черствостью 1	изысканностью 1	внешностью 1	гостеприимностью 1	превосходность/непревзойденностью 1	сдержанностью 1	женой 1	предосудительностью 1	грамотностью 1	вспыльчивостью 1	добродушностью 1
103	картиной 27	природой 26	местностью 9	долиной 2	рекой 2	панорамой 2	площадью 2	картитной 1	травой 1	амбразурой 1	галереей 1	доминой 1	равниной 1	окрестностью 1	фауной 1	статуей 1	скалой 1	улицой 1	архитектурой 1	церковью 1	обстановкой 1
104	туфли 13	штаны 11	колготки 8	сапоги 7	босоножки 5	лосины 5	брюки 5	леггинсы 4	чулки 4	перчатки 3	джинсы 3	кроссовки 2	ботинки 2	кольца 1	босонжки 1	балетки 1	варежки 1	ботфорты 1	лабутены 1	шлепанцы 1	гольфы 1	трусы 1	гетры 1	трусишки 1	стринги 1	лодочки 1	галоши 1
105	круг 44	апельсин 9	цветок 5	шар 3	дом 2	вертолет 2	пезаж 1	шарик 1	стол 1	предмет 1	- 1	песок 1	взрыв 1	поезд 1	шарф 1	самокат 1	автобус 1	мир 1	квадрат 1	портрет 1	цветочек 1	велосипед 1	треугольник 1	верблюд 1	сарай 1	номер 1	букет 1
106	экзаменом 39	событием 12	собеседованием 11	выступлением 3	свиданием 3	совещанием 3	собранием 2	мероприятием 2	занятием 1	зачетом 1	шагом 1	экзамен 1	делом 1	экспериментом 1	днем 1	экзамном 1	интервью 1	зачета 1	дедлайном 1
107	одежду 10	шубу 10	книгу 7	шаль 6	посуду 5	кофту 4	куртку 4	куклу 3	вазу 3	фотографию 2	юбку 2	скатерть 2	книжку 2	игрушку 2	вещь 2	шкатулку 2	шапку 2	надежду 1	коробку 1	кровать 1	копилку 1	пижаму 1	занавеску 1	бабушку 1	столешницу 1	балалайку 1	простыню 1	клеенку 1	рухлядь 1	шинель 1	шляпу 1	картину 1	блузку 1	пластинку 1	футболку 1
108	стол 23	компьютер 8	принтер 5	цветок 5	шкаф 5	стул 3	диван 3	предмет 2	интерьер 2	календарь 2	ноутбук 2	телефон 2	сервиз 2	ковер 2	холодильник 2	телевизор 2	портфель 1	распорядок дня 1	поршень 1	рабочий стол 1	кулер 1	кондиционер 1	аппарат 1	комод 1	телефизор 1	офис 1	стенд 1	плакат 1	планшет 1	замок 1	торшер 1	прибор 1
109	пирог 34	торт 17	обед 7	суп 5	десерт 4	борщ 4	салат 3	ужин 3	тортик 2	пудинг 1	чизкейк 1	омлет 1	носок 1	эклеры 1	чай 1	маффин 1
110	тропинке 46	улице 13	дороге 10	улочке 7	дорожке 5	тропе 4	трубке 1
111	глины 23	бумаги 15	ткани 13	кожи 5	шерсти 3	стали 3	керамики 3	пряжи 3	материи 3	пластмассы 2	бумаге 2	массы 1	коллекции 1	курамики 1	замши 1	— 1	пластелины 1	газеты 1	глазури 1	пластелина 1	фланели 1
112	начальнице 14	помощнице 10	руководительнице 6	подруге 6	секретарше 5	маме 4	бабушке 4	преподавательнице 3	знакомой 3	жене 2	соседке 2	матери 2	студентке 2	коллеге 2	сестре 2	учительнице 1	одногруппнице 1	наставнице 1	ассистентке 1	научнице 1	лаборантке 1	ассистентше 1	сотруднице 1	медсестре 1	адъютантке 1	подручной 1	коллеги 1	любовнице 1	научной руководительнице 1	напарнице 1	тете 1	практикантке 1	подассистентке 1
113	происшествии 21	событии 18	случае 11	проишествии 5	открытии 4	инциденте 3	эксперименте 3	экзамене 3	приключении 2	мероприятии 2	опыте 2	путешествии 2	походе 2	теракте 1	сви/свидании 1	посещении 1	прошлом 1	событи 1	петешествии 1	споре 1	диспуте 1
114	груз 19	рюкзак 18	пакет 14	чемодан 13	портфель 6	мешок 2	- 2	ранец 1	бред 1	компьютер 1	ящик 1	поединок 1	сумку 1	крест 1	груз бытия 1	багаж 1	ананас 1	шкаф 1
115	предмет 16	телевизор 7	экспонат 6	груз 6	артефакт 5	товар 4	подарок 4	антиквариат 4	материал 3	сервиз 3	сувенир 2	шкаф 2	сундук 1	чемодан 1	кошелек 1	компьютер 1	абажаур 1	браслет 1	сейф 1	объект 1	диван 1	стул 1	сервис 1	магнитофон 1	перстень 1	- 1	сервант 1	документ 1	кирпич 1	амулет 1	металл 1	ключ 1	альбом 1	башмак 1	вещи 1
116	магазина 14	театра 5	музея 5	супермаркета 3	общежития 3	дома 3	кладбища 3	бара 3	храма 2	собора 2	рынка 2	зоопарка 2	клуба 2	банка 2	борделя 2	почтальона 1	училища 1	почтамта 1	райцентра 1	кинотеатра 1	отеля 1	удара 1	детсада 1	- 1	приюта 1	самоуправления 1	универсама 1	домоправления 1	парткома 1	медпункта 1	ЖЭКа 1	отдела полиции 1	ДК 1	цирка 1	дворца 1	драмтеатра 1	роддома 1	адвоката 1	участка 1	госпиталя 1	ресторана 1	домоуправления 1	двора 1	катка 1	универмага 1	ларька 1	мвд 1
117	сумку 14	кофту 8	одежду 7	юбку 6	блузку 6	вещь 6	обувь 4	футболку 4	шубу 4	посуду 3	куртку 3	шаль 2	вазу 2	шапку 2	ткань 2	утварь 1	сумочку 1	шляпку 1	дубленку 1	книгу 1	картошку 1	брошь 1	кофточку 1	- 1	шинель 1	мебель 1	вещицу 1	шмотку 1
118	улицам 21	улочкам 9	местам 8	достопримечательностям 5	паркам 5	полям 4	местностям 3	дворам 3	деревням 3	дорогам 2	городам 2	барам 2	домам 1	селам 1	предместьям 1	садам 1	окрестностям 1	площадям 1	задворкам 1	кварталам 1	улицам Лондона 1	дворикам 1	областям 1	лугам 1	аррондисманам 1	районам 1	лесам 1	кабакам 1	окраинам 1	набережным 1
119	вечера 21	концерты 12	вечеринки 10	мероприятия 8	дискотеки 7	встречи 4	танцы 4	выставки 3	лекции 3	заседания 2	утренники 2	тренировки 1	поезда 1	представления 1	треннинги 1	тренинги 1	митинги 1	гитарники 1	пары 1	спектакли 1	службы 1
120	вещи 24	предметы 9	часы 7	монеты 7	украшения 5	марки 4	ложки 3	книги 3	вещицы 2	статуэтки 2	чаши 1	лампы 1	расчески 1	кружки 1	серьги 1	самогонные аппараты 1	ручки 1	маски 1	столики 1	вазы 1	машинки 1	шкатулки 1	стаканы 1	столовые приборы 1	машины 1	бабушки 1	наперстки 1	приборы столовые 1	штуки 1	зажигалки 1
